,TAN_POND,NOX_POND,MICROALGAE_CHL_POND,SEDIMENT_N_POND,DON_POND,P_POND,TSS_POND
0,-0.001949877157917702,-0.001949877157917702,-3.057137993392989e-05,-0.0,-0.0009584141962646337,-0.00020604769685385208,-0.4232960298544139
1,-0.0013808604429920482,-0.0013802838927447862,-1.5460530714360267e-05,-5.938384680254921e-07,-0.0006787430248812432,-0.00013470390848830072,-0.2143305425668161
2,-0.001592147208801715,-0.0015896107690957313,-1.2976760783975493e-05,-3.696893164742795e-06,-0.0007831826898901127,-0.00014430528209725003,-0.17905686714235697
3,-0.0014466809695267324,-0.001441680885941225,-9.139968806937883e-06,-1.1543163165843783e-05,-0.0007142101230691137,-0.00012329340174682034,-0.12142633452700397
4,-0.001774687209883901,-0.0017646221586725365,-9.636623016036748e-06,-3.76869169301188e-05,-0.0008835078730332857,-0.00014497765232475041,-0.11724153251551096
5,-0.0009794966036269473,-0.0009713302454978692,-5.1450887843113185e-06,-4.549600278680486e-05,-0.0004946752252583228,-7.883296869101384e-05,-0.055161290867192986
6,-0.0007925189949912766,-0.0007833556270035222,-4.473161914845998e-06,-7.022125595673445e-05,-0.00040898955396600616,-6.509155638567031e-05,-0.04199439299354168
7,-0.00825956955399781,-0.008131884011465352,-5.389179865398377e-05,-0.001267925642080908,-0.0043930305640130975,-0.0007207881856947483,-0.4540561602613432
8,0.0028806690186770254,0.0028222215583402956,2.2936394451604337e-05,0.0007228714724096391,0.001596537264034978,0.00027981872302988535,0.17970863152977912
9,-0.00016150136737371737,-0.00015201655291607947,-5.411261145788253e-06,-0.0001870756920610445,-0.00012147205447656403,-3.893147610550632e-05,-0.03904530040987603
10,-0.00012252395400657985,-0.0001107006151723129,-6.541775856486851e-06,-0.0002683323668195105,-0.000118453075129658,-4.795053569464914e-05,-0.04706498571550041
11,-0.0001158424591075089,-0.00010040339394870133,-8.058747768936447e-06,-0.00038711455435171685,-0.00013855265876868924,-6.345670852480497e-05,-0.058191045500308396
12,0.02224839641631614,0.018492899428037415,0.0018532295681740823,0.10250459814946866,0.03198918587107074,0.015792860778474416,13.452183822938302
13,0.004439964643957071,0.0035392615007367786,0.0004235756538221952,0.026547752671672278,0.0075036098787236065,0.0038931823774474893,3.0915955049651584
14,-0.00013748772685669985,-0.00010513286256395838,-1.4628412779948866e-05,-0.001024224860203896,-0.0002681914314751369,-0.00014408923502262657,-0.1073314454794471
15,-8.47839996170847e-05,-6.222173090624494e-05,-9.887433787520651e-06,-0.0007638844724427689,-0.00018804505543352782,-0.00010364805256979892,-0.07289296152959296
16,-0.00010370507433101809,-7.309292278038039e-05,-1.3095075986742646e-05,-0.001104615938248962,-0.0002582475012892494,-0.00014512899863277368,-0.09694807851505854
17,-0.00010745723023731317,-7.27975663286229e-05,-1.455926314598806e-05,-0.0013288969148838744,-0.0002972341797011978,-0.00016957002402899084,-0.10818059714875133
18,-8.688269968466455e-05,-5.662776773939721e-05,-1.2541761827869903e-05,-0.001229209590500745,-0.00026449499090565987,-0.00015269381073649944,-0.09347704493517961
19,-0.00010569051120346671,-6.634263356354704e-05,-1.6162049055452434e-05,-0.0016897831738990354,-0.0003512929515476495,-0.00020472985620264628,-0.12076813433763162
20,-9.84840917944657e-05,-5.96010201333333e-05,-1.5877946278268424e-05,-0.0017609662985276983,-0.0003549104300846158,-0.00020840976359351484,-0.11889159967169148
21,-8.904301720662047e-05,-5.20119452405613e-05,-1.5074434351621846e-05,-0.0017648553096464678,-0.0003457888948728492,-0.00020428460388140034,-0.11305999473768456
22,-0.00011618783472436079,-6.557978961597737e-05,-2.0582686283870143e-05,-0.002533072605270967,-0.000483594324733442,-0.0002870665807124206,-0.15456432295124808
23,-0.00010358209756350183,-5.6557403922119616e-05,-1.914288818328231e-05,-0.0024673269844709246,-0.0004598650453160514,-0.0002739961618152578,-0.1438794208935295
24,-0.00011050113169381038,-5.843180837869133e-05,-2.1247648693356188e-05,-0.002858853042561235,-0.000521050814542154,-0.0003113196603391479,-0.15978861736378203
25,-0.000130930336172088,-6.71230954652174e-05,-2.6132356906217606e-05,-0.0036599086637366567,-0.0006532190601262598,-0.00039106339832848286,-0.19657594736692252
26,-0.00010923087112841091,-5.434793149770735e-05,-2.2582032296995812e-05,-0.003283600199931808,-0.0005746129489669613,-0.00034444075449284375,-0.1698699689457955
27,-9.422968339458068e-05,-4.554821746412438e-05,-2.014030717784372e-05,-0.0030335366662002945,-0.0005210530395460855,-0.00031253077806127073,-0.15146661263156017
28,-9.326700684451579e-05,-4.384090874127199e-05,-2.0574606090529615e-05,-0.003203389187395244,-0.0005405886905936522,-0.00032426259686735905,-0.15466225646464007
29,-0.00012088041006497978,-5.530672067372509e-05,-2.748026826307626e-05,-0.004414467856682835,-0.0007325410116361421,-0.00043918780508091763,-0.20643758265105727
30,-0.00010049454222739401,-4.470891500615701e-05,-2.3558534639755536e-05,-0.0038828767622570686,-0.0006342630857718258,-0.000380171760154225,-0.17612400453691776
31,-0.0001347465056042072,-5.830458449204856e-05,-3.266779710309181e-05,-0.0054914301856285284,-0.0008839036730816027,-0.0005299992634192688,-0.24185858484051878
32,-0.0001256938238914356,-5.292962399651722e-05,-3.159209448167749e-05,-0.005391403034551266,-0.0008558622515967826,-0.0005137788384643025,-0.23072465365208716
33,-0.000149733953813041,-6.140827151747438e-05,-3.907382136634827e-05,-0.006748947205248434,-0.0010573846136847443,-0.0006360060246929172,-0.2807561848124018
34,-7.150292026605636e-05,-2.8581673284853616e-05,-1.9383614398767293e-05,-0.00338248649461356,-0.0005233369121607268,-0.00031563945369830537,-0.13681351321047241
35,-0.00010035259967877282,-3.9127334894644005e-05,-2.825756229830986e-05,-0.004977510726057388,-0.0007608719599412942,-0.0004604448375361039,-0.19577017177501335
36,-5.671742366236991e-05,-2.158604302169529e-05,-1.6579490896890162e-05,-0.002947235183702507,-0.0004452839549310835,-0.00027050232385370405,-0.11271956850868783
37,-6.022294759639488e-05,-2.2388444420941057e-05,-1.825994966899159e-05,-0.0032761306858941795,-0.0004893813413386916,-0.00029853506931097243,-0.12183998384642637
38,-6.602383037564613e-05,-2.3991138449778e-05,-2.0743884833970204e-05,-0.003757610625150962,-0.000555114487828181,-0.0003401159938790838,-0.13588654529713737
39,-0.0011653733007309102,-0.0004141607346285146,-0.00037900545024181044,-0.06934438919847626,-0.010133806493103501,-0.0062364597377876545,-2.4384345508491077
40,-7.869950109603035e-05,-2.7370230096494027e-05,-2.6465200659822486e-05,-0.004893065056194335,-0.0007075026688191231,-0.0004373087573993492,-0.16731224252631574
41,-6.256435781034616e-05,-2.1304403699183855e-05,-2.1731555040671246e-05,-0.0040618625169153025,-0.0005812271688731343,-0.0003607704766250021,-0.13506629220780983
42,-6.523915416798947e-05,-2.1762333184419744e-05,-2.3382129567696698e-05,-0.004419956932745191,-0.0006260293817538153,-0.0003901214220556827,-0.1429422860161714
43,-8.505007596318275e-05,-2.7805582029417384e-05,-3.142180831256206e-05,-0.0060091406482196035,-0.0008426040402173292,-0.0005270058803694328,-0.18903405556119568
44,-0.0001718116293392633,-5.5076081018080393e-05,-6.536988570211651e-05,-0.01265109935307132,-0.0017565055068041642,-0.0011022331856131164,-0.3871886851193884
45,-7.90050917247956e-05,-2.48427911059455e-05,-3.092833032258953e-05,-0.006058606489004047,-0.0008330621523997625,-0.0005242792464360839,-0.18043969789909522
46,-7.36954673598258e-05,-2.2740084223133644e-05,-2.9658221202487167e-05,-0.005881644169909372,-0.0008010475018534197,-0.0005053857410698439,-0.17050470561260112
47,-8.119403858765038e-05,-2.4594778753060087e-05,-3.3564215861279066e-05,-0.006739320877847928,-0.0009092856312197545,-0.0005748514090170252,-0.1902211405357417
48,-0.0001057762484864268,-3.146494913326881e-05,-4.487981993887034e-05,-0.009124400235334215,-0.0012197798400855912,-0.0007723864509657451,-0.25083633523124754
49,-7.603579581538715e-05,-2.2218845838088992e-05,-3.30880035833624e-05,-0.0068115533582373215,-0.0009023665117279304,-0.0005720584074620566,-0.1824417349669517
50,-9.132501773410392e-05,-2.6223736817977918e-05,-4.07310913433512e-05,-0.00849016545612806,-0.0011147510158802296,-0.0007072073761061977,-0.2216373096126144
51,-8.110449551217085e-05,-2.2891860112015266e-05,-3.704875853313698e-05,-0.007819083183048501,-0.001017668093542502,-0.0006457976812374711,-0.1990191176052062
52,-8.62701633161545e-05,-2.3941515113569177e-05,-4.0337022830103764e-05,-0.008618724880034713,-0.0011121005176696645,-0.0007056178064863242,-0.21397505481238455
53,-9.226787832039213e-05,-2.5183377625284828e-05,-4.413090109364736e-05,-0.009545377015769652,-0.0012212519838364442,-0.0007744339706886226,-0.23124234023494525
54,-0.00010006829013966391,-2.6868563417144734e-05,-4.893099301155048e-05,-0.01071248809591177,-0.0013591660811271271,-0.0008610513260081599,-0.25333466924378845
55,-8.835251655012132e-05,-2.3343094319752383e-05,-4.4142706351827355e-05,-0.009780442431046062,-0.0012307441483503886,-0.0007786300709661095,-0.22587621476841274
56,-9.678788417578358e-05,-2.5168325831975208e-05,-4.938339582978655e-05,-0.011071449733892994,-0.001381962619002827,-0.0008727743490469778,-0.24980600744036024
57,-8.317816754042593e-05,-2.1292881357689154e-05,-4.33177887149186e-05,-0.009825153327846477,-0.0012166548197808868,-0.0007667552373729947,-0.21667206183986307
58,-0.0001043908232778388,-2.6313160804667085e-05,-5.5462865824547765e-05,-0.012724659465179745,-0.0015633725079631608,-0.0009828402131766812,-0.274380479876762
59,-0.00010124178790784326,-2.513310727561382e-05,-5.485009752186362e-05,-0.012726530640903375,-0.0015515469373382387,-0.000972679354124745,-0.2684340940546439
60,-8.365440535273228e-05,-2.042907904033988e-05,-4.625177331605672e-05,-0.010822819425521251,-0.0013096864962059297,-0.0008188230344202811,-0.2233789506046407
61,-7.603131074295896e-05,-1.825774376762821e-05,-4.298766784344295e-05,-0.010112909447422496,-0.0012151627911411807,-0.0007579110450549408,-0.20429309797848275
62,-4.619634056487243e-05,-1.0906914175385875e-05,-2.675986033608125e-05,-0.006313123338969028,-0.0007535162226024287,-0.0004690762940643722,-0.12483703915042331
63,-6.513709937307052e-05,-1.512041534388945e-05,-3.8708153323924984e-05,-0.009142226505741003,-0.0010842676774970071,-0.0006740444400869715,-0.17695782111469338
64,-8.798731379784079e-05,-2.0082805421148655e-05,-5.3681071850915005e-05,-0.012680481538350934,-0.00149481044722602,-0.0009284877320632468,-0.24023189390814947
65,-5.958463057572433e-05,-1.3373594779948514e-05,-3.73331458314465e-05,-0.008816433965441758,-0.0010332884832221394,-0.0006416112743819783,-0.16345414856768764
66,-6.258253171969092e-05,-1.3814100284207266e-05,-4.0268081960101955e-05,-0.009506789082125088,-0.0011079925945796153,-0.0006880880781714576,-0.1724479964825508
67,-5.6244366326163426e-05,-1.2211016423074959e-05,-3.715558499443023e-05,-0.008771552516587745,-0.0010167993366679466,-0.0006317759081099547,-0.15564172129448892
68,-6.011291418007887e-05,-1.2837827317979285e-05,-4.0754512286288094e-05,-0.009624614028163133,-0.001109855352894227,-0.0006901491270610196,-0.16701661075875596
69,-4.948546583807859e-05,-1.0396783480934742e-05,-3.441391644512884e-05,-0.00813416312685751,-0.0009332059174316646,-0.0005808909438143193,-0.1380131482698102
70,-5.842278899375862e-05,-1.207664742357155e-05,-4.165331241128756e-05,-0.00985903124506626,-0.0011254547713355793,-0.0007013622981607263,-0.16352513169342708
71,-6.0662755315122624e-05,-1.2338788999072658e-05,-4.431493145420429e-05,-0.010509452526632573,-0.0011938301271135685,-0.0007448659398232137,-0.170370500670398
72,-5.6142841297746825e-05,-1.1237584126179886e-05,-4.199789877849459e-05,-0.009984758853499783,-0.0011287587600467323,-0.0007051025285234498,-0.15817914804534336
73,-5.273404182754217e-05,-1.038814480611104e-05,-4.0371340726805145e-05,-0.009626918384357768,-0.0010831249050166545,-0.000677350459898654,-0.14901939336589637
74,-5.650085318900228e-05,-1.0954912719265261e-05,-4.4241696961107756e-05,-0.010586683015040413,-0.0011854970949909198,-0.0007421039442320436,-0.16011043262904437
75,-5.5534684840220436e-05,-1.0598936697831386e-05,-4.445137439218248e-05,-0.010678766697992632,-0.001190223437669625,-0.0007456733322447023,-0.1577827311696168
76,-5.8384305372556535e-05,-1.096917134452336e-05,-4.7743617872753294e-05,-0.011519554695058548,-0.0012779796134864312,-0.0008011440414723932,-0.16628038916636334
77,-6.523950623075658e-05,-1.2067084724097256e-05,-5.44738105882969e-05,-0.013205413918922052,-0.0014582508358184775,-0.0009144993215721083,-0.1862199070409649
78,-5.5813066388072884e-05,-1.0164231745745588e-05,-4.755936581662283e-05,-0.011587418503078246,-0.001273701502897201,-0.000798860786784773,-0.1596408840644324
79,-5.778070211899529e-05,-1.0360965589210149e-05,-5.0220036559760485e-05,-0.012300992987133462,-0.0013459493552624505,-0.0008440429781935681,-0.16557989504766926
80,-4.998903822473192e-05,-8.826764651031749e-06,-4.429347531617032e-05,-0.010910031563025637,-0.0011883034994784334,-0.0007448521759298338,-0.14349649764068795
81,-5.433719545795618e-05,-9.448499619114198e-06,-4.90586280792586e-05,-0.012154042101615315,-0.0013177677988164503,-0.0008253897597857157,-0.1562183550409485
82,-8.675718091996671e-05,-1.4857249198786533e-05,-7.977464170826553e-05,-0.019882529948981337,-0.0021459002490374383,-0.0013426889012668698,-0.2497678613844647
83,-6.10298343441973e-05,-1.0293664573052049e-05,-5.7126339977826234e-05,-0.014325651110900573,-0.0015391258385071686,-0.0009617290687240739,-0.17591338993821024
84,-6.329394664959818e-05,-1.0515051682972904e-05,-6.0282330029510356e-05,-0.015212385167999588,-0.00162697346982771,-0.0010149362260609722,-0.18263124281075407
85,-6.399050155211908e-05,-1.0471571130764747e-05,-6.19842095062073e-05,-0.015742189959477074,-0.0016759951807640225,-0.0010434660412088498,-0.18480617874254576
86,-7.241207103593084e-05,-1.1672912828794569e-05,-7.13055459814063e-05,-0.018227284608238536,-0.0019317671262050165,-0.0011999869566553755,-0.2092826110548713
87,-7.338134497443252e-05,-1.165332670811008e-05,-7.342750381010883e-05,-0.018893002713185447,-0.001993239343859131,-0.0012350034227382005,-0.21220879919556077
88,-7.839328542491576e-05,-1.2264853867389927e-05,-7.967671361253965e-05,-0.020636602279598664,-0.0021673181545609614,-0.0013390330525274103,-0.2268024038271084
89,-8.467400971604417e-05,-1.305195119080276e-05,-8.73786618678489e-05,-0.022781931721051446,-0.0023817781145006843,-0.0014669161490478684,-0.2450454564539605
90,-5.958661059282169e-05,-9.04374845503377e-06,-6.241083313912351e-05,-0.01636862987203574,-0.0017036300603221527,-0.0010457923874170358,-0.17235034238846683
91,-5.609095250276945e-05,-8.379281039907746e-06,-5.963345049211219e-05,-0.01571972686737255,-0.0016289089454954524,-0.0009965518182120815,-0.16205984110054222
92,-6.906634673989104e-05,-1.0152861717242349e-05,-7.453987535582503e-05,-0.019735236150815363,-0.0020362103740530556,-0.0012415032571681118,-0.19924078129216552
93,-8.28010011556674e-05,-1.1975372371590763e-05,-9.071470874280624e-05,-0.024110896869578607,-0.0024771998564225286,-0.0015052556953094602,-0.2384067826718147
94,-7.193548510444153e-05,-1.0234540004249703e-05,-7.999213082770205e-05,-0.021336792438822545,-0.0021831341490833466,-0.001322089890255611,-0.20666096042761764
95,-8.622169976528592e-05,-1.2066011244663926e-05,-9.729248182351815e-05,-0.02603967506830733,-0.0026535259899624353,-0.0016015588613286877,-0.24707955187030856
96,-9.142929870645156e-05,-1.2583776881680605e-05,-0.00010465723823352173,-0.0281044256360071,-0.002852517420961907,-0.0017158978384744408,-0.2612708755579957
97,-8.896488005871051e-05,-1.2041571381506462e-05,-0.0001032672482082426,-0.02782427624903197,-0.0028129957502213265,-0.0016864558863766029,-0.25345181774342995
98,-7.411133651168693e-05,-9.863959826801737e-06,-8.71991724997944e-05,-0.023575277799520095,-0.002374193508125448,-0.0014185915675836202,-0.21043716455574468
99,-7.490526328794898e-05,-9.802707421497007e-06,-8.929723569835414e-05,-0.02422732936183055,-0.002430515270468904,-0.0014473055089092306,-0.21193562604277794
100,-6.835370354790825e-05,-8.794862988965288e-06,-8.25267581452818e-05,-0.022471500357540662,-0.002245820404012704,-0.0013327087380097847,-0.1926650043755905
101,-8.799677841847942e-05,-1.113100303319801e-05,-0.0001075507123658779,-0.029394756248664475,-0.0029266922501036906,-0.0017306373455776315,-0.24703248296207364
102,-0.0003975843934613755,-4.9438486816491344e-05,-0.0004916950174656603,-0.13490293163006367,-0.013381495431093439,-0.00788435075912352,-1.1113789797709506
103,-0.00013960746168480552,-1.7064006738463247e-05,-0.00017462315611239794,-0.048099944924362835,-0.004753502280697722,-0.002790386214649475,-0.3884968793999921
104,-9.398028027600594e-05,-1.129052484492422e-05,-0.00011884056277205324,-0.03286775786514503,-0.003236182920626863,-0.0018924491238402812,-0.26029355008733174
105,-0.0001198274963045152,-1.4148404074037052e-05,-0.00015311894073034285,-0.04252448020589639,-0.004171595987279674,-0.002429852663294593,-0.3302430311445132
106,-0.00013188950929139188,-1.5303942452541442e-05,-0.00017023102911663843,-0.047477937914177114,-0.004640452142037015,-0.002691943698546823,-0.36161091165001563
107,-0.00025914068827304667,-2.954875321668861e-05,-0.00033770200851176833,-0.09459411773911494,-0.00921173725816641,-0.005321237498019783,-0.7066840159549747
108,-0.00015089965212365772,-1.6907149889335728e-05,-0.00019845923285101102,-0.05583538011172772,-0.005417494844172749,-0.0031157964505832284,-0.4092051810053513
109,-0.0001061133551306283,-1.1681499902392573e-05,-0.00014078471955962908,-0.039785764928248306,-0.0038461841841988223,-0.0022020708288893204,-0.28608257665803627
110,-0.00010248256573219732,-1.108389269816169e-05,-0.00013710618836544822,-0.038921157597052614,-0.003748887059391015,-0.002136303517005104,-0.2746283486660103
111,-0.00013152036770595928,-1.3973845963282617e-05,-0.00017735465282900565,-0.05057623988154828,-0.004853752227898325,-0.0027524812651625323,-0.3502418993846099
112,-9.435451854194168e-05,-9.847648261422123e-06,-0.00012819683367142548,-0.03672584007943101,-0.003511695769654478,-0.001981412944547717,-0.24964520682646185
113,-0.00010518001181979713,-1.0782402767732887e-05,-0.00014392520010613337,-0.041422247662445524,-0.003946317454414681,-0.0022150593515828086,-0.27642979039050986
114,-8.587062872441521e-05,-8.645784186229329e-06,-0.00011829398686480879,-0.034203506104761736,-0.003246690699300796,-0.001812560046197695,-0.22412630585339685
115,-8.284782536258427e-05,-8.191857536425441e-06,-0.00011485241690451326,-0.03336299822354468,-0.0031553365118326005,-0.0017517714698655584,-0.2146994913642724
116,-6.369909089589231e-05,-6.184994375405605e-06,-8.883026418445318e-05,-0.025924237222889557,-0.002442840091569286,-0.0013484308349229397,-0.1638662721641311
117,-7.014522114415067e-05,-6.687615802013715e-06,-9.836104961485147e-05,-0.02883957796514741,-0.0027075987791980237,-0.0014857338537846649,-0.17908740754503544
118,-8.855041973991173e-05,-8.288813746952437e-06,-0.0001248080227212472,-0.03676438147789883,-0.0034389573699892713,-0.0018755451734629228,-0.22432192863951195
119,-0.0001079350447637032,-9.918662259879324e-06,-0.00015285206229433541,-0.04523465251162735,-0.004215727819717804,-0.002284747123562372,-0.27124420618933653
120,-0.00010094455941672386,-9.088700926393085e-06,-0.00014333717243464618,-0.042598076229809274,-0.003955552307458249,-0.0021300967662094754,-0.25107202183439997
121,-0.00020628501685056042,-1.8173241854085116e-05,-0.00029334957110484407,-0.08750070679819645,-0.008095926458720985,-0.004331847794365495,-0.50699884246515
122,-0.00010420898598979737,-8.9737428355711e-06,-0.0001482753884895352,-0.04436943253888421,-0.004090741006025031,-0.0021748455045423735,-0.2527706158727074
123,-0.00010876983066971944,-9.147638608906764e-06,-0.00015472200195846864,-0.04643027979948034,-0.004265879570005859,-0.0022535701292800405,-0.2601022833229425
124,-0.00016375669381502782,-1.343989307605997e-05,-0.0002326736286346768,-0.0700046239233655,-0.006409863147091775,-0.0033648784373534074,-0.38567030970963306
125,-0.00012311177897635209,-9.853106355014033e-06,-0.00017456377029809267,-0.05265030135684361,-0.004804652876797016,-0.0025064834171025984,-0.285284548607414
126,-0.00010494585867513133,-8.18467215279395e-06,-0.00014835443701044162,-0.04485202511120427,-0.004079483782124486,-0.0021150151356529355,-0.23904775801459408
127,-0.00011505811487349755,-8.737736227833924e-06,-0.00016198623628056906,-0.04908897431705865,-0.004450310670070616,-0.0022931079638492044,-0.25736307676270276
128,0.0004563301587291329,3.3784052940512306e-05,0.0006492090296567122,0.19405484240720106,0.01753298643999013,0.009016521457687969,1.0166127079521
129,-5.006515071267801e-05,-3.1857774696426655e-06,-0.00014958386010905384,-0.02086958442488631,-0.00185524302349141,-0.0012353953796874894,-0.22677115938927928
130,0.0007343151595012634,4.464381973310907e-05,0.0021156076852505584,0.30308484293752835,0.026819610511214752,0.018082000510501253,3.1744506720346286
131,5.294886053042107e-05,3.151449920504554e-06,0.00016505313030345812,0.02143675123886664,0.0018866543158771577,0.0013203572911012033,0.24388972756403945
132,-2.790837451619464e-05,-1.4935501985790833e-06,-0.00010072278997724665,-0.01104263635061832,-0.0009661632740610228,-0.0007130818819139139,-0.14617975782709083
133,-0.0001331259961431878,-6.970751982167533e-06,-0.00041441924488573345,-0.052125195017164644,-0.004553069957429108,-0.0032340252440980644,-0.5964643655806279
134,-4.648444364662738e-05,-2.382106332070572e-06,-0.00012617183065635282,-0.01798981898735564,-0.0015687930137966198,-0.0010731340746367966,-0.17995774566820402
135,-7.26830425833396e-05,-3.6419745067420835e-06,-0.00017424602411053727,-0.027760227701258397,-0.002416709683687555,-0.0015948764532188436,-0.2461062689912048
136,-0.00014030739394828244,-6.8666458045246244e-06,-0.0003007074432236694,-0.052792958347320305,-0.004587922711424519,-0.0029266612194809435,-0.4203333621490132
137,-8.186834716289326e-05,-3.908643378777094e-06,-0.00015855022423788873,-0.03028663909293867,-0.0026272708562076275,-0.001623144227261798,-0.21923107748207868
138,-0.0001126169761832517,-5.239141080399015e-06,-0.0001988851817986447,-0.04087014405456465,-0.0035387406309851984,-0.002121375947201183,-0.27194118809872564
139,-0.00031841826879939377,-1.4419527167571556e-05,-0.0005166476616739482,-0.11307906644501821,-0.009772131438576265,-0.005694599667375997,-0.6984037489842655
140,-0.00047444052987601467,-2.089658991309206e-05,-0.0007114379829401297,-0.16441634902801308,-0.014180555374529499,-0.008046776796747165,-0.9506792348276867
141,-0.0001618022377304539,-6.928033767464134e-06,-0.00022522391356278096,-0.054551289987978445,-0.004695395703167977,-0.0025987432919533844,-0.2974932046173204
142,-0.0003060969918909684,-1.2741556867574104e-05,-0.0003967289487848543,-0.10006922986926838,-0.008595393962796261,-0.004647108576469839,-0.5180014366406062
143,-0.0018948494898677747,-7.673203635903057e-05,-0.0022910105060153494,-0.5985455319562148,-0.05130280652283667,-0.02713327062078383,-2.9571246630158625
144,-0.00011183298530888239,-4.4125781491269145e-06,-0.00012624354175697208,-0.034005418952460856,-0.0029083930014954787,-0.0015067143206663062,-0.16110354643908717
145,-0.00017230269410170191,-6.641759254918723e-06,-0.00018160252142228008,-0.050239097492185934,-0.004287380048861967,-0.002178285086683658,-0.2291563938951452
146,-0.00011479348545978882,-4.339704730948599e-06,-0.00011288979009482882,-0.0319689675320853,-0.0027221376592402873,-0.0013578829212851568,-0.14088004366779677
147,-0.00015345951421372504,-5.719310926031543e-06,-0.00014065258464249973,-0.04066018499934831,-0.0034543819042117205,-0.001693537535871732,-0.17362211515643727
148,-0.0001484071300791216,-5.488154167185623e-06,-0.000126590478475774,-0.037269209465780335,-0.003159083369440208,-0.001523563792133502,-0.15459805967066143
149,-0.0003393971145368686,-1.254885852722087e-05,-0.00026900431664105684,-0.08049563818837732,-0.00680747079223582,-0.003232403820050467,-0.32508348831293066
150,-0.0006533240333809625,-2.4356197886557345e-05,-0.000480391060933911,-0.14586130623215035,-0.01230696562607769,-0.005757858771824117,-0.5745831133789101
151,-0.0005476640615216923,-2.0769216277317806e-05,-0.000373039861873862,-0.11476547424485901,-0.009660883128661847,-0.004456502850768341,-0.4416993027086334
152,-0.00033382759969402054,-1.2991927268694125e-05,-0.00021037143881902698,-0.06549758976583461,-0.005500790704315544,-0.002503437122952301,-0.24664020390551508
153,-0.0004652993147387696,-1.8738598174733934e-05,-0.00027101122052771576,-0.08530178901024717,-0.007147497377520936,-0.0032109892605324502,-0.31467501163645745
154,-0.0010272405994965592,-4.312864991854318e-05,-0.0005526115130440685,-0.17568657749002828,-0.01468705029135532,-0.0065163802252480255,-0.6356012101927421
155,0.0011455003811148036,5.077148548757382e-05,0.0005805085431032602,0.18136213565093312,0.015123592751208786,0.006673213158027315,0.6611747539928555
156,-0.0001759471646966895,-9.60871086358134e-06,-0.00014340601279304486,-0.01957017042355574,-0.001610594593307122,-0.0009328245836666017,-0.1597900596358784
157,-0.0003375539212992824,-1.9461475758658156e-05,-0.00023895756248423842,-0.034803779963206175,-0.002856361618675567,-0.0016444239556083944,-0.2646500878302642
158,0.001079048530781559,6.546886366840583e-05,0.0006595136053427341,0.10494191917558772,0.008596162401382609,0.004835660207360293,0.7258954363165339
159,0.0005875654598958982,4.032834947379494e-05,0.00040187386820031553,0.049474590547350275,0.004033815114388868,0.002425052437989762,0.43653376745197986
160,0.0004545328449288866,3.366226569434983e-05,0.000297703643064136,0.035234394290288795,0.0028656376079112347,0.0017337447817198201,0.32063608426682166
161,-0.00034033692548999454,-2.6827147999354023e-05,-0.00020882484047676827,-0.024644715475310785,-0.0020003872073908273,-0.0012028518469636188,-0.22311549630993519
162,0.0007260233804987856,5.948334496769069e-05,0.0003759486645424721,0.050617980651183565,0.004104285367567394,0.002374144104393914,0.39972556752712274
163,0.0005941258950732072,5.285609934428575e-05,0.00031700589441897,0.037983066669463036,0.0030721853132055364,0.0018131003700887485,0.33374173552653025
164,0.0009702618652965571,9.149831430631896e-05,0.0004893893814894528,0.0582839867803935,0.0047058072644907455,0.00276223031026545,0.5114008227454461
165,-0.0006224292398239284,-6.186580879370918e-05,-0.0002935732547166248,-0.035339741852688004,-0.0028487382624946644,-0.0016556379398312915,-0.30462173021162237
166,0.007060016301667262,0.0007234633213722174,0.0028096213684502777,0.3883891536797855,0.031280747507802395,0.017462118637389102,2.902481516281135
167,0.0015124926737394402,0.0001635350425894076,0.0005788683312720438,0.07867497897990874,0.0063266938819400145,0.0035111234970774154,0.5936011659124357
168,-0.0002671481305407932,-3.082028278571559e-05,-0.00010507855034900573,-0.012944640100158937,-0.0010388817787862965,-0.0005868189365230101,-0.10684965422129103
169,-0.000652968911628792,-7.706463766392434e-05,-0.00021855212865247518,-0.030748485636089878,-0.002465512012329926,-0.0013398892590307141,-0.22106294976285804
170,-0.000829069875799316,-0.00010017586099449502,-0.0002382919337534236,-0.0379731783487441,-0.0030421415065654996,-0.001590647842221125,-0.23966036183779305
171,-0.0009379987129489866,-0.00011629735798676033,-0.0002344586720906583,-0.041771408767603185,-0.0033435065322365656,-0.0016845196714650038,-0.23437897869979932
172,-0.0013807285240550612,-0.0001759111167850607,-0.0003039610394928789,-0.0597549175066079,-0.0047787937516083085,-0.002324003722857668,-0.3019109685472583
173,-0.0036790873821607264,-0.00048204389313165466,-0.0007218969018590149,-0.1546825498549014,-0.012359719128303205,-0.005812443664948999,-0.7122007330584695
174,0.0032141237498605796,0.0004345209707536434,0.000580496787849935,0.13084815062545957,0.010445255376522255,0.004783507003392737,0.5683757921877488
175,0.009299035092433745,0.0014053067352506694,0.0025259383400835253,0.33397243892943096,0.026557006278893742,0.013904652706795705,2.4307302203465966
176,0.0011244488476044277,0.0001764425226717774,0.0002902182847978941,0.038705265647507564,0.003073839014125991,0.0016031669839358174,0.2772798970903601
177,-0.0005446483540049958,-8.930430741660339e-05,-0.00014411648511144858,-0.01784941631040371,-0.0014154984103003612,-0.0007481117859085741,-0.13644925455424817
178,-0.00430072686297084,-0.0007183067657366487,-0.0009689304407899745,-0.13815096937175403,-0.010949513814484889,-0.005556044425661493,-0.9129679325635736
179,0.0027715940611824775,0.0006126772306156897,0.0003800912169754985,0.05918781253209238,0.004640462828840698,0.002046907473077887,0.32464541806029207
180,0.004007103729839051,0.0009891695864163153,0.00048776494811917623,0.06497653254095472,0.005041249718316996,0.002069515506673204,0.3877938257696777
181,0.004187233719417261,0.0010367513580586956,0.0005062392087648532,0.06727468033695518,0.005216794141954046,0.0021343568414183105,0.40093448042229624
182,-0.0017836371226101267,-0.0004456815254903263,-0.00020844190035797133,-0.02784977490252318,-0.002156660392630493,-0.00086693615931096,-0.1628882670581703
183,0.060949557270529905,0.015226620643632482,0.006187224061481883,0.9522382174544655,0.07373722207812654,0.02857657784891956,4.830607206029163
184,0.0052886563588982975,0.0013120756014840696,0.0005523469394763733,0.08444137860008245,0.006544055874523805,0.0025650447814120425,0.4345833780994987
185,0.0028443909935909825,0.0007009859819698863,0.00034703210160099123,0.04634186885833648,0.003593743392846503,0.0014775614134323448,0.27401693386350934
186,0.011274953005121187,0.0028086680618684794,0.0013370135499029346,0.17772091294288872,0.013760939133854757,0.005563734296750574,1.0397910634126266
187,0.0034847874465881016,0.0008610001535176213,0.0004173013757069327,0.05633153856935028,0.0043658113412561135,0.0017821479354555028,0.32706358828062965
188,0.0013671840022391932,0.00033151134033447094,0.00017764738433961823,0.023346044189141595,0.0018130677432546128,0.0007665942686792447,0.14159414330138162
189,-0.004417470225965158,-0.0011039548409044221,-0.0005196558872637228,-0.06891081704684902,-0.005331260685460853,-0.002142469884049859,-0.39965230181930317
190,-0.006525064399161471,-0.0016310093056767572,-0.0006637131700857656,-0.10171295810369785,-0.00786817698385954,-0.0030434683234731043,-0.5095474295141201
191,-0.007204136201351069,-0.0018008951032890013,-0.0006433870014131183,-0.11226310349460186,-0.008683546230794282,-0.0032400604189287367,-0.49305118483880117
192,0.01816769291815321,0.004531859612633619,0.0014679267848971783,0.2850179028972444,0.02205057608833332,0.008004171771450526,1.1270439775757093
193,-0.002139496141458773,-0.0005347479311558942,-0.0002333592157728837,-0.033346920334727116,-0.0025785117762529945,-0.0010096263881617408,-0.17767974112566437
194,-0.0031645119730054046,-0.0007910802712959511,-0.0003079579023142975,-0.04929149023438479,-0.0038109696466228694,-0.0014499953904843139,-0.23400464125430598
195,-0.004918415969358935,-0.0012296189008104506,-0.000425425298856502,-0.07658703014364233,-0.005920773675797583,-0.002181060778385055,-0.32261311885238386
196,0.020927725124018096,0.005222099893068882,0.001646943854064417,0.32780764481502755,0.025346164883463824,0.009096723116306406,1.2504759509393495
197,0.0046903980661705535,0.0011619871071664187,0.0005251577648327526,0.07511168588804452,0.0058112085733530135,0.002305846414419141,0.3998094817486738
198,-0.004324228084482922,-0.0010808916519362548,-0.0005020908521164215,-0.06733386233408528,-0.005202562296710587,-0.0020757105609347103,-0.3768491483123676
199,-0.00329011836956288,-0.0008225778875016524,-0.000331580351448344,-0.051192952871148494,-0.00395496450685286,-0.0015204248654049769,-0.24837917561652206
200,-0.006118159286195358,-0.0015297555891058755,-0.0005421409810683193,-0.09516260134789005,-0.0073511028797310935,-0.002726928706868662,-0.4052802209864459
201,-0.007651117315547756,-0.0019131428587574081,-0.0006045391345130129,-0.11897559923847711,-0.009189611769166307,-0.0032956809002168035,-0.450937651235595
202,-0.011572063034568335,-0.0028936686615997223,-0.0008262919973641207,-0.17990546007502772,-0.01389424010380491,-0.0048268513717694755,-0.6148995945162518
203,-0.019086952042219062,-0.004772953729388136,-0.0012469323116164476,-0.29667034738585407,-0.022909391564062933,-0.0077245160517699476,-0.9256080419796475
204,0.015607036736071821,0.0038917869423666226,0.0009707614247827198,0.24471001915638627,0.018901073447088104,0.006263691625505578,0.7229271951609453
205,0.001173555540006152,0.00028201050755610795,0.00014831563393154416,0.02048266670270979,0.0015873412451183973,0.0006613196612148991,0.11347449209852019
206,0.003142881369674632,0.0007745309258310912,0.000386669582781829,0.05103150024556975,0.003943459667731968,0.0016109596104969108,0.2876989990708847
207,0.03994927608314227,0.009981122136424856,0.004658702641786824,0.6216628440221802,0.04795218199059989,0.019066830307186103,3.4066513747334692
208,0.0026245359009239794,0.0006447425571458537,0.0003056220465044051,0.042991389088766624,0.0033219518540011845,0.001339269287904781,0.2269992843827655
209,-0.00523086356112057,-0.0013078811962825008,-0.0006078164231761971,-0.08115068650194013,-0.006256316892033264,-0.002479279507269411,-0.44130064183678475
210,0.009613317011338352,0.0023928280848847876,0.000988786377097278,0.15123058398513,0.011663883141261348,0.004496320881049444,0.7204248761706472
211,0.009968558186766998,0.0024817364853412386,0.001151139121445033,0.15663923467445928,0.012077068271864957,0.004787074203525203,0.8343808130109837
212,0.0009031902177717705,0.0002138434679653543,0.00012391371235083025,0.016344003316694746,0.0012659364114518386,0.0005429089887477519,0.09335344145810497
213,0.0021769295065045204,0.0005324202355888606,0.0002738715823943514,0.03604370685021755,0.002782919199962352,0.00114348521990884,0.2004121013670432
214,0.0011221374989483792,0.000268453693235619,0.0001509539806982952,0.019741940708333832,0.0015269833864652773,0.0006468638925359999,0.1119943768639453
215,0.0011557258172596224,0.00027677316588582056,0.00015514715314598912,0.020266038821217643,0.0015669715160455345,0.00066242845567575,0.1145797605707485
216,0.001392854117226689,0.0003360165243110012,0.00018265921392210909,0.023930989641552023,0.0018486903569490997,0.0007727380445697792,0.13367211454755615
217,-0.00447696435367892,-0.0011196112838722937,-0.0005193236463083583,-0.06916466484814711,-0.005322589291033364,-0.002092883633192319,-0.36701516992453825
218,0.002103776733605788,0.0005137091187327483,0.00023471182061341101,0.03490589504892128,0.0026924181447185182,0.0010695917298038987,0.1695333943242246
219,-0.027140249433195745,-0.006787681879011502,-0.0031338455564161125,-0.4187689189848281,-0.03221194852476352,-0.012623991419877325,-2.1991037635761277
220,0.01820322081596851,0.004541855693959601,0.0018410734788415907,0.2828632142487851,0.02176093188072888,0.008255124237451542,1.2925009928071864
221,0.005719193790129889,0.0014181443223294106,0.000653565103806766,0.09051710168863628,0.006966063858374523,0.002736827503354507,0.45928705294319955
222,0.0018496623583551834,0.0004497939787724628,0.00023326501607267124,0.030966362297304862,0.002386920221123211,0.0009767030080414362,0.16584695977952857
223,0.003016246249146456,0.000741632756729727,0.00036928405889403293,0.0488859215950868,0.0037634511976330806,0.001514556992974676,0.2592179179255439
224,0.07180817245365133,0.017956703545869722,0.008260604623115567,1.1050776243834137,0.084911235137922,0.033092568565210374,5.692422024923661
225,-0.0164914236664099,-0.004125745215087941,-0.00171137680810886,-0.25332876478452565,-0.01946144041919282,-0.007373062411704564,-1.1755969557023827
226,-0.009938965771762094,-0.0024867588474919546,-0.0009085045360028826,-0.15256249392777782,-0.011718736776735449,-0.004287527393723374,-0.6224103508850255
227,0.03687295202670017,0.009214105175778626,0.0030210513390119395,0.5679995190687793,0.04362993224354984,0.015482409650625603,2.0671685621054983
228,-0.006460190146826385,-0.0016162221003372392,-0.0006662623656669454,-0.0990356456456576,-0.007603360923126631,-0.002851825915392844,-0.452427515629151
229,0.0070399472694210145,0.0017481480824615393,0.0006803947746304446,0.11037826007535044,0.00847880476201186,0.003152491682680602,0.4643653144708212
230,0.006354216139588236,0.0015765409547195913,0.0007375473091537978,0.09975584775539964,0.007659746834066164,0.002993290761018177,0.5004635038715262
231,0.00738982236547535,0.0018357102802195597,0.0008587031596901857,0.11548875968836435,0.008863767349372626,0.0034585632866688063,0.5799815281305953
232,-0.005204405059309931,-0.0013021710367395582,-0.0005873904366318837,-0.07948740949305554,-0.006094410420861698,-0.0023405214858921415,-0.39299999646792244
233,-0.0256438173065912,-0.006417575066855418,-0.0025091343993973647,-0.3912084787523476,-0.029988175012682465,-0.011084060527366919,-1.6748650696542187
234,-0.020802862063882564,-0.005206532534989779,-0.0017881465231803114,-0.31710488315959234,-0.024302716253085974,-0.008658757754297251,-1.1906762439256557
235,0.007535632409891307,0.0018720818973198214,0.0006068792238535354,0.11742667280708044,0.009003396693470325,0.003162470814176096,0.40635094860740145
236,0.001289470529838402,0.00030852613893243326,0.00016638728401392375,0.022269558208626816,0.001710886467367892,0.0006976990303726988,0.11314687016522451
237,0.002930499363408492,0.0007194031967271751,0.00035438032936407324,0.04711964559419065,0.003611639800514047,0.0014226999922055945,0.2362135760104491
238,0.0017442768106870597,0.0004224328894386687,0.0002192713451217146,0.029088752940164518,0.002230842168017158,0.0008941840174205223,0.14686253070928515
239,0.0009655082098445832,0.00022746133145317625,0.0001315501343473722,0.017265382570820845,0.001325766518178951,0.0005494687928073968,0.08905063972216079
240,0.0021819975117878462,0.0005320786005167544,0.00026821613369914143,0.03560826458175473,0.002727016058380446,0.001076848787268436,0.1775350871929192
241,0.003103951405489585,0.0007629662766532432,0.00037035444363670624,0.04945554154739932,0.0037836445678221474,0.0014704728489736603,0.24302586624076838
242,0.007557637957117588,0.0018782714261009544,0.0008658497747586601,0.11644423635524388,0.00889753449617226,0.003382438841484784,0.5619909770707849
243,-0.00573786484401749,-0.0014362480570014099,-0.0006345279374778041,-0.08639773703003026,-0.006595299624094729,-0.0024616653900028833,-0.4083435498182934
244,0.005933799615368924,0.0014717117767056186,0.0005933454512082204,0.0917596713649215,0.007007611183809911,0.0025662912788754475,0.3837116905441694
245,0.0024802897326576725,0.0006069148704562325,0.0002949418044803778,0.03977366956488525,0.0030382885583137742,0.001171559236997189,0.19120487609739453
246,0.0031996010651559686,0.0007871023724713,0.00037644661949583544,0.050457905543214054,0.0038513060429522608,0.001471571822244083,0.2423183772766139
247,0.002968538676808037,0.0007292672892938225,0.00034960205580649546,0.04691102644900022,0.003579241720635848,0.0013657388639973522,0.22437063177716945
248,0.0045858122197119325,0.0011343934256312221,0.0005269430447528432,0.07092818944949796,0.005406934981152447,0.0020334115012236183,0.3355500034874812
249,-0.013382987539070754,-0.0033507209474212952,-0.0014680709481312163,-0.19942064970597465,-0.0151837436916432,-0.005566724275664742,-0.9244904639384274
250,-0.008921805172100408,-0.0022342579950801723,-0.0008465117447874499,-0.13272819622543047,-0.010103387083189226,-0.0035607728105787853,-0.5318172579084608
251,-0.011612251166391883,-0.002908281719757857,-0.0009666002797762499,-0.17253199005131595,-0.013130169893357822,-0.004456524104707095,-0.6057276537610905
252,-0.01315314423455958,-0.0032943908413886947,-0.0009743317497195832,-0.19518421781570505,-0.014850488944447269,-0.004863567612657606,-0.6089008251170186
253,-0.3905928354802434,-0.09783402792199433,-0.026096180006512454,-5.788862722268754,-0.4403343038430509,-0.13941880261212067,-16.26074342284097
254,-0.03313636812913728,-0.008300193766883025,-0.002021532765904611,-0.490467451101349,-0.03729842630859658,-0.011438664086875704,-1.2557226471417107
255,0.030695946183006244,0.007675709600507564,0.001758480305523782,0.4560613891218602,0.034675986207529756,0.010382902437496627,1.0906975764690592
256,0.05771340185789019,0.014446394173050773,0.005599709338789493,0.8498828786003068,0.06454049615937804,0.022230419916984434,3.440014646123644
257,-0.016653292094244532,-0.00417145411043294,-0.001617883764262053,-0.24413310619192966,-0.018530523649222867,-0.0064098961567445505,-0.9900468476422795
258,-0.17376367515875243,-0.04353244511379955,-0.015023219499265526,-2.5426357920792557,-0.19294180987892992,-0.06468471055641431,-9.17024361196434
259,0.022989466617116344,0.0057466931718531756,0.00179308474662695,0.3381124476663691,0.025652710187895555,0.008361797546010599,1.0934672224992779
260,0.002000004113070013,0.00048706645002029786,0.0002216645084846115,0.03145628931551796,0.0023870722423900976,0.000867781626162252,0.13601963437976644
261,0.0012129358991145524,0.0002898413092653534,0.00014911432279930348,0.0199435575797407,0.0015134248687871778,0.0005710062803897628,0.09172259872354575
262,0.007306858314026587,0.0018173570127290968,0.000795843120129756,0.10792384500673953,0.008174107635651228,0.002900660025017848,0.4801182020994437
263,0.0025742459014922088,0.0006311373764717694,0.00028923365826136514,0.03943017392027161,0.0029864500021620564,0.001076604016875013,0.17499557596313697
264,0.001188719865542028,0.0002838503920226581,0.00014457226077178243,0.019396502972989692,0.0014693848321207879,0.0005474080721725047,0.08797569781357333
265,0.011461750211369073,0.002859393607064605,0.0012230910644590231,0.1664908210531839,0.01258964809589849,0.004386997059838334,0.72972587373544
266,0.0019206999023875181,0.0004674282127433653,0.00021672875817909662,0.029714991116883673,0.002247428610042417,0.0008064246216972358,0.13015573488194498
267,0.014987272863371238,0.003743791503855673,0.0015782458899285218,0.21564728320444257,0.0162897876755291,0.005609472472118773,0.9351444783442963
268,0.0019306561776702856,0.0004700071056005183,0.0002147039967852804,0.029644905964107335,0.002239628193632916,0.0007943988576311057,0.12805349870466912
269,0.0013918792146362163,0.00033494016848046074,0.00016224822520665913,0.021905843630210264,0.0016543349012900462,0.0005956615880075496,0.09674837385544979
270,0.0011151257356958497,0.00026556604463053403,0.00013312582960500025,0.017915746340822727,0.0013524396353295717,0.000490677905379668,0.07933215963519821
271,0.001433977561790183,0.0003455682025765711,0.00016515891367440048,0.022318575325154657,0.0016835371306284487,0.0005990089723008802,0.09775601101286396
272,-0.005798222794543306,-0.0014537149351166376,-0.0005921215683844222,-0.08127394696723535,-0.006123879442986681,-0.002045993891130793,-0.34496080737117407
273,0.009664311408677632,0.0024101217597504413,0.0008704717830139676,0.137159090447534,0.010332809066983913,0.003349345861911889,0.5072239853324075
274,0.003290317021739858,0.0008113803050085213,0.0003435009175526057,0.04783847095002349,0.0036019527266722986,0.0012161767568727735,0.20000319665072322
275,0.0037512351554520687,0.000927104314909508,0.0003932808291009369,0.05400877962388844,0.004064374529126294,0.0013665767172416794,0.22806828812405805
276,-0.004863592205520983,-0.0012197955092786417,-0.0004853497855474879,-0.0671465110329576,-0.005050239343875453,-0.0016507192675998918,-0.2793614330460227
277,-0.14211649204776236,-0.035651639845149755,-0.012243288320165411,-1.956789823063252,-0.14714068105402972,-0.04618006740193491,-7.033741595036501
278,-0.019538362297076305,-0.004901997245451115,-0.0014739286501763624,-0.2683675839261147,-0.020175241387350627,-0.006090905408897647,-0.8450377746895783
279,-0.018886841345997225,-0.004738936076759988,-0.0012653985700620963,-0.2587815785108077,-0.019450085817845356,-0.005659008723242967,-0.7238809033516317
280,-0.013207353736614491,-0.003314128137103086,-0.0007964022242435737,-0.18050397394349912,-0.013563568453657967,-0.0038102954048033497,-0.454515970847134
281,0.11534171704727066,0.028933702399306514,0.006355506978206722,1.5737102150403035,0.11822497645722377,0.03216118136590174,3.6187331551935125
282,0.08535300326937964,0.021411210394761997,0.006129324745570957,1.156027482179582,0.08678919619010639,0.024974621443398338,3.472081775914754
283,0.004500420582248658,0.0011158950208124245,0.0003780669466568483,0.062297580989690314,0.004673927267635051,0.0014202112887936825,0.2140350023241219
284,0.004682838111565424,0.0011619210401269387,0.00046092988078277544,0.06419651195924524,0.004813489115909579,0.001533325994812193,0.25977623110614395
285,0.0021117710706049747,0.0005052397067416073,0.00022762546361222998,0.031234959309749108,0.002340382956780664,0.0007778432944551843,0.12865610663202195
286,0.009515591965945472,0.002364903748559941,0.0009304351273682533,0.12864937564820422,0.009640585594995699,0.003043508385429749,0.5211069626953467
287,-0.013877410723468793,-0.003484291057195982,-0.0013020247390869999,-0.182260041532047,-0.013656698259688743,-0.004219081445417525,-0.7259404465549887
288,-0.016543913510682264,-0.004155034302173099,-0.0013401108963538284,-0.21658816287521032,-0.016226473874047083,-0.004815026007806526,-0.7459944464993219
289,-0.024686788207828745,-0.006201212564086464,-0.0017499713678383693,-0.32222073085104996,-0.024136323711782426,-0.006890146253986527,-0.9725929141129181
290,-0.021996413268683703,-0.005526199613861286,-0.0013835096889521787,-0.28622168426232,-0.02143594900206838,-0.005897037272980242,-0.767666966763701
291,-0.025075104504906694,-0.006300519562983199,-0.0014177556394099828,-0.32523753742231415,-0.024353345307522443,-0.0064674624294337405,-0.7853643668143518
292,-0.040494890049922405,-0.010176360382589816,-0.0020830134855924446,-0.5234820203347813,-0.03918983827532507,-0.010063936147211927,-1.1519554013079838
293,-0.03415126056297548,-0.008583395561682285,-0.0016155879708540865,-0.43992999167776436,-0.03292801719823554,-0.008190168309051987,-0.8919677324802409
294,-0.03517896496626556,-0.008842970618003227,-0.0015453375026578745,-0.4515063084533478,-0.033787282589041505,-0.008152717377211223,-0.8517739520844304
295,-0.0366132463859977,-0.009204909568527517,-0.0015061953743431182,-0.468111618423072,-0.03502224221468309,-0.008210638794988023,-0.828854019507045
296,-0.03818226960950087,-0.00960093044011969,-0.0014819310153473693,-0.486214772373843,-0.03636854600420764,-0.008296141637947308,-0.8142140797657069
297,-0.04577000852931655,-0.011510857244715574,-0.0016868084986853135,-0.5803982600587947,-0.04340361056283611,-0.00964710272332666,-0.9253637748188069
298,-0.04339990061708321,-0.01091681553162243,-0.001527239429598139,-0.5479424352981307,-0.04096716458677232,-0.008883846121408223,-0.8365952869734247
299,-0.0537195665304758,-0.013515324910466696,-0.0018136946365320905,-0.6751516555921406,-0.05046651661297637,-0.010690677163645168,-0.9921151621505663
300,-0.06144366200711486,-0.01546196998879832,-0.001998522540243466,-0.7685807110593114,-0.057437149464574316,-0.011899913741949233,-1.0917587209181037
301,-0.043434414544805275,-0.010932597056233414,-0.0013658400140869418,-0.540642799703197,-0.04039393914742265,-0.008194048809773964,-0.7451929830646897
302,-0.05008024607540038,-0.01260858608688697,-0.0015271496137003009,-0.620193645512386,-0.04632730928093552,-0.009210940942167015,-0.8322131490173379
303,-0.04105726393397125,-0.01033976426127759,-0.0012172576467718577,-0.5057730833238234,-0.037772148086823644,-0.007367975335144544,-0.6626026080967246
304,-0.041154566178262804,-0.010367425037153202,-0.0011889283921622793,-0.5042076482875724,-0.037647355263885754,-0.007211381213781228,-0.6465142350149826
305,-0.042464063070993374,-0.010700889054533012,-0.001197664436986344,-0.5173211355147486,-0.03861871804558582,-0.007270454368641685,-0.6506444154696814
306,-0.05283898502710097,-0.013320279974038847,-0.0014573297473555562,-0.6399751798847801,-0.047765850689359055,-0.00884522386865682,-0.791019065253292
307,-0.07018236699501386,-0.01769965738839739,-0.0018955499861494864,-0.8449498954405318,-0.0630531678203641,-0.011493462339568572,-1.028061482217288
308,-0.09878831660069357,-0.0249253004887549,-0.0026160493426003765,-1.1820318756037747,-0.08819260282541444,-0.01583552488129739,-1.4178103156078476
309,-0.060679732657036765,-0.015317907805300247,-0.0015771547416026323,-0.7214677856637123,-0.05382115324674226,-0.009525624357044939,-0.8542159505190734
310,-0.08108385958442642,-0.020480359434265277,-0.002070387029861265,-0.9578327071196524,-0.0714439494843705,-0.012471292272814351,-1.120721741931025
311,-0.07691247997264716,-0.01943916042396074,-0.0019308349714932044,-0.9025478118623066,-0.0673120706440283,-0.011595591409535574,-1.0446592410110647
312,-0.06700005962157204,-0.016946018043256218,-0.0016548412122735351,-0.7809217230688116,-0.058235108183081696,-0.009905388932546957,-0.8949479633263828
313,-0.11350940706866586,-0.028732587913043763,-0.002760014617318427,-1.3139204539728337,-0.09797364493868439,-0.01646269597059004,-1.4920785827409075
314,-0.1529177409748014,-0.03874309794308263,-0.003662448838203725,-1.7577287357544187,-0.1310579596109372,-0.02176533203318352,-1.9793183280388094
315,-0.1125766248278368,-0.02855130997915141,-0.002657096658430236,-1.2848643202801453,-0.09579636828218217,-0.015730923202860563,-1.435615077505635
316,-0.10512324500000075,-0.0266913287903763,-0.0024462149522232737,-1.1912094670211375,-0.08881151003158287,-0.014426457713209826,-1.3213945929360196
317,-0.1535143761329423,-0.039027495026095343,-0.0035233581575955042,-1.7269963326127247,-0.12875709311983613,-0.020697544370041794,-1.9029198409698909
318,-0.21699006421318642,-0.055242350796768876,-0.004913847980669026,-2.423346783483959,-0.1806771892222323,-0.02875218814634726,-2.653552452974268
319,-0.1175254844765764,-0.029966701335047644,-0.0026268790481897585,-1.3029550608220388,-0.09714816546249232,-0.015310043386372898,-1.4184132436827266
320,0.07126013322268024,0.01816988211872644,0.0016107473506663979,0.7854738599754012,0.05856169144121594,0.009212375727373831,0.869622855084782
321,-0.020111435990800453,-0.005210294855914803,-0.0012714284704250108,-0.20881688517165273,-0.015580622994828357,-0.003638395668181825,-0.6863884907662148
322,-0.031529829667872246,-0.008192053561781983,-0.0018069716215108444,-0.32464872541787004,-0.024228191674104577,-0.005588799746236479,-0.9755119025850225
323,-0.03080141397764845,-0.008021376099728793,-0.0015698834818889135,-0.3153803107820604,-0.02354075301569307,-0.005276492684212755,-0.8475304179003506
324,-0.09250115164188304,-0.024143728745807867,-0.0042136125834949505,-0.9425599905252172,-0.07036777695563119,-0.015277051404831415,-2.2748480524107233
325,-0.11455949451641205,-0.02997003698995472,-0.004707766900082989,-1.1620428790151014,-0.08676984406464247,-0.01824146553232938,-2.5417090820143367
326,-0.22599549963285692,-0.059263954616517844,-0.008463752681680512,-2.2823705919156927,-0.1704582684054486,-0.03472580494853001,-4.569723571696833
327,-0.0800694206542818,-0.02104908451657347,-0.0027597460052800372,-0.8051719751593341,-0.06014636047878805,-0.011887363593746663,-1.4900979874481775
328,-0.079219389300239,-0.02087929102494942,-0.0025357974061074573,-0.7932659481574401,-0.05926956887837275,-0.011379674338305529,-1.36924548119019
329,-0.08751624333634231,-0.023127642522287977,-0.002623097640669596,-0.8727051765472865,-0.06521928231398884,-0.012181793597844678,-1.4164594725570614
330,-0.07267369349114551,-0.019258225312890013,-0.002054565752895706,-0.721728490598748,-0.05394867543890424,-0.009817022084018101,-1.1095174388317761
331,-0.14063348005789816,-0.03737301041962584,-0.0037744383914597997,-1.3910128026351736,-0.10400139255874492,-0.0184640129008151,-2.0384114994207767
332,-0.13917278768136004,-0.03709225696661699,-0.0035661678794082544,-1.3711139781976744,-0.1025380123930331,-0.01778579343145356,-1.926049207106934
333,-0.11240544438877162,-0.03004689767139734,-0.0027636037680790313,-1.103108129544744,-0.08251530434080989,-0.014003019629096723,-1.4926834570311278
334,-0.1313155956240826,-0.03520705100464331,-0.0031112334917204375,-1.2837996416219737,-0.09605501550239247,-0.01596923555902821,-1.6805476674064304
335,-0.1143426150455842,-0.030749181512944826,-0.0026206139463474634,-1.1137358686482746,-0.0833512561021159,-0.013592822878387919,-1.4156216516703082
336,-0.2689908230492621,-0.07255693052807384,-0.005983522708831997,-2.6106701133848573,-0.19542913046397636,-0.031300697979400625,-3.2324094350058776
337,-0.09085645152004423,-0.024581563420173654,-0.001967292131035247,-0.8787442073146757,-0.0657971012365474,-0.01036213194893762,-1.0628271868640249
338,-0.10375172334546073,-0.0281546156533838,-0.002192394707874383,-1.0001159456670439,-0.07490324295280111,-0.011612013724898583,-1.184502003093913
339,-0.0897570548112342,-0.024428863496253745,-0.0018551887048693413,-0.8624472431260407,-0.06460812496112484,-0.00987011672117442,-1.0023677066469305
340,-0.10525406538994456,-0.028729294069493795,-0.00213219788729007,-1.0082697182935862,-0.07554979892812391,-0.011385120518892225,-1.1520912445896092
341,-0.11943715225926632,-0.03269179471891569,-0.002375599900074662,-1.140828998729918,-0.08550196074817508,-0.012722384331949778,-1.283663957730197
342,-0.11409991534942396,-0.031314839305268134,-0.0022318086860146765,-1.086884574644018,-0.08147682128978077,-0.011981536429312312,-1.2060125007252696
343,-0.18291548201035696,-0.05032957295569594,-0.003523549314854762,-1.737975408300782,-0.13031212505857437,-0.018955145526152805,-1.904100840288456
344,-0.16627421427279346,-0.045860380888175595,-0.0031584295530585507,-1.57614270244335,-0.11820120160970451,-0.017021077099582418,-1.7068419710639833
345,-0.17158535430010166,-0.047430124954741026,-0.0032177116180322663,-1.6229871920799963,-0.12173637615074263,-0.017367995772106844,-1.738919138770112
346,-0.1401476133885234,-0.038817824648189315,-0.0025973510895553344,-1.3230492455495413,-0.0992551603028385,-0.014040144058073047,-1.4036878325656483
347,-0.15274551139148143,-0.042307166948003634,-0.0020143264642598956,-1.4419784163383216,-0.10817722722591892,-0.014092179616118696,-1.088603523823444
348,-0.09759192231261841,-0.027030828679963502,-0.0009157812012914948,-0.921306585717518,-0.06911642417019084,-0.008291773712411398,-0.49491612231956533
349,-0.0865294293167914,-0.0239667599962295,-0.0005777741950466329,-0.8168722492479357,-0.06128175978239363,-0.006770508130975395,-0.3122468159266893
350,-0.06441033554404015,-0.017840254644567007,-0.0003060316285280245,-0.6080592012001652,-0.045616603986399704,-0.004641270087333803,-0.1653888359846574
351,0.07802828533106512,0.02161212898562425,0.00026380271760518116,0.736618066785031,0.055261090656037515,0.005177942213788795,0.14256704316532706
352,0.006955177635499448,0.0019264321334060905,1.6732154965348217e-05,0.06565964486173789,0.004925786850414859,0.0004250472571761436,0.009042567418747816
353,-0.00025424958709514747,-7.042157657992745e-05,-4.352315381765925e-07,-0.0024002172870042156,-0.0001800643115776802,-1.4309125860093204e-05,-0.00023521241196233723
354,-0.00031786886216688277,-8.804272476982431e-05,-3.871903628131712e-07,-0.003000808562524009,-0.00022512067174622628,-1.6474972198729577e-05,-0.00020924949397602377
355,-0.00021737531356697941,-6.0208209050951676e-05,-1.8840968493790886e-07,-0.0020521094698815493,-0.00015394926158433691,-1.037554170156393e-05,-0.00010182234636987296
356,-0.00013882920135336482,-3.8452653340897954e-05,-8.562296783973498e-08,-0.00131060291124341,-9.832143624767322e-05,-6.10246419231463e-06,-4.627326610873082e-05
357,-0.00013546071978632834,-3.7519657597064703e-05,-5.944827822280131e-08,-0.0012788031046811663,-9.593581461752464e-05,-5.483547996661919e-06,-3.212766465953963e-05
358,-0.00014316630287862015,-3.965393563474644e-05,-4.4707785830087147e-08,-0.0013515468756971833,-0.00010139305264363359,-5.337193344542131e-06,-2.4161452505594096e-05
359,-0.0002486645053127288,-6.887463104133521e-05,-5.525512934451265e-08,-0.00234749189225863,-0.00017610885222867477,-8.537088420802389e-06,-2.98615589781557e-05
360,-0.00023182556549512152,-6.421061288721075e-05,-3.6655283246283995e-08,-0.0021885255989135036,-0.0001641832001928241,-7.329615032473797e-06,-1.98096342458135e-05
361,-0.0001261670065441335,-3.49455022315648e-05,-1.4195068774685172e-08,-0.0011910667530149268,-8.935383312415873e-05,-3.673579916169283e-06,-7.671448577585015e-06
362,-7.568726016921744e-05,-2.0963716201186172e-05,-6.05941832959253e-09,-0.0007145178575891126,-5.36031328635775e-05,-2.0295059693992318e-06,-3.27469467484677e-06
363,-8.370586034223468e-05,-2.3184693126260323e-05,-4.768485501469238e-09,-0.0007902166344199612,-5.92820554390965e-05,-2.067032327801686e-06,-2.577035159048906e-06
364,-0.00011367677199848367,-3.1485980355414925e-05,-4.608003335166634e-09,-0.001073153968110435,-8.050801547465145e-05,-2.5851574127751126e-06,-2.4903056964481037e-06
